ticker,polarity_score,sentiment_score,five_day_return,marketCap,volume
A,-0.012710938305246338,0.3620012088251884,-0.03196839500497099,38775130000.0,1571589.0
AAL,0.16855284090909092,0.32370606060606066,-0.027139898846810635,8879040000.0,19867846.0
AAP,0.0685056578548766,0.32212813390313394,-0.03380919125807307,6587740000.0,2009771.0
AAPL,0.1305049411525974,0.36804922577422583,-0.010233581713364297,2514582100000.0,59166509.0
ABBV,0.22797916666666665,0.41880555555555554,0.009440554233620356,273971920000.0,4677704.0
ABC,0.0883783933080808,0.28728148148148147,0.012560925392204386,30526540000.0,1179811.0
ABT,0.09832356914627323,0.4121945263495008,-0.012407212427385747,168649930000.0,5267104.0
ACGL,0.17708333333333331,0.3042763888888889,-0.0059515180974212736,24350650000.0,1661765.0
ACN,0.24813251262626262,0.3970779220779221,0.06746372646621081,178859040000.0,4123545.0
ADBE,0.20231136363636362,0.23375176767676767,-0.002191243978258489,168926980000.0,2993355.0
ADI,0.12653125676406926,0.27636850649350647,-0.02547764303859842,95834520000.0,3401785.0
ADM,0.0481431277056277,0.3292429954304954,0.011069643240134718,41054530000.0,2329453.0
ADP,-0.008820991298264044,0.4885975264914659,-0.01811101373906646,88512780000.0,1720457.0
ADSK,0.14041690115440114,0.24614152236652237,-0.04769485838826817,43201470000.0,1403762.0
AEE,0.03136713564213564,0.15788264790764792,0.009911653358350411,21121770000.0,1159477.0
AEP,-0.004325568181818185,0.33523973063973067,0.0003374440807871338,43889300000.0,2527235.0
AES,0.10365304834054834,0.3000483357383357,-0.0017413587015414483,14691910000.0,3924960.0
AFL,0.1407693302068302,0.3338460678210678,-0.017619716054440154,38249900000.0,2163574.0
AIG,0.18079469396344397,0.42730792147667146,-0.07317073170731707,34768390000.0,6564508.0
AIZ,0.10746428195646945,0.3223676434483726,-0.0024905608849782965,5942980000.0,387200.0
AJG,0.128302318564883,0.3442198337172564,0.014357185770855947,39118560000.0,1010656.0
AKAM,0.192466838023088,0.3540112803862804,0.011624899845295626,11728430000.0,1210431.0
ALB,0.034514393939393935,0.5217769480519481,-0.02139680245093409,25294130000.0,1588077.0
ALGN,0.11968450741178015,0.21925751016660106,-0.06821512972857575,23861260000.0,994131.0
ALK,0.0517207725343587,0.2986883350021105,-0.018491123634277764,4910000000.0,2589109.0
ALL,0.01617543308263006,0.39767552691416325,-0.05509156324150423,27802900000.0,2893016.0
ALLE,0.05379452533997988,0.17321674659048397,-0.025252497142544808,8986600000.0,877464.0
AMAT,0.020202020202020204,0.06616161616161616,-0.03322259094108263,103763990000.0,6354471.0
AMCR,0.21169642857142856,0.2934464285714286,0.0036396690342203344,16105900000.0,6141503.0
AMD,0.15036444805194804,0.37597501803751804,-0.014281275328090606,161590070000.0,64705399.0
AME,0.05487852746212123,0.28374570707070706,0.007638980577426449,31859700000.0,1053874.0
AMGN,0.19119834956709955,0.4870622564935065,0.023738994856160284,124470650000.0,2545992.0
AMP,0.0311472582972583,0.5473886604136604,-0.008676342373733357,31245280000.0,919957.0
AMT,0.14518630256793505,0.35517822195165943,-0.026842965127827675,89226150000.0,1897492.0
AMZN,0.16113329725829725,0.3842136761386762,-0.033495703470210476,1011507330000.0,56084870.0
ANET,0.302831179138322,0.41615141723356003,-0.03022371356326401,51900060000.0,2500056.0
ANSS,0.12185651154401154,0.3413487554112554,0.010463640629860578,27402760000.0,357025.0
AON,0.08525147327870541,0.30761484745413314,0.01367980058203951,62156620000.0,895888.0
AOS,0.18062540987923642,0.3769599872916199,0.01838020607574352,10004330000.0,875752.0
APA,0.1240388528138528,0.4116733585858586,0.024543395772871363,10575590000.0,6960382.0
APD,0.030517536695075752,0.3062071789321789,-0.018901721817074914,59283550000.0,1329527.0
APH,-0.0018264900083082008,0.21106352121503635,-0.0035728773622330672,46604720000.0,2207866.0
APTV,0.13263294928451178,0.2742627946127946,-0.027031896821550886,29191540000.0,2772161.0
ARE,0.08670982249138816,0.41152425347753635,-0.036431686296054665,20088540000.0,1712377.0
ATO,0.05810340052764295,0.25899731441398105,-0.0013610518748297473,15249760000.0,945278.0
ATVI,0.0764971629065379,0.3860539307914308,0.057680231650421236,62490790000.0,24504900.0
AVB,0.022095209535834534,0.10773880020442521,-0.023342374897252417,21556960000.0,679881.0
AVGO,0.016508838383838386,0.3524229797979798,-0.018924205407096585,266510690000.0,1722613.0
AVY,0.14227190283061494,0.27887272800151586,0.0011022301660532938,13759120000.0,537181.0
AWK,0.09031358194742034,0.34461040540080945,0.016995539392037365,26607760000.0,837643.0
AXP,0.08011404020362355,0.22606612754529418,-0.03251088310706633,121103650000.0,2588692.0
AZO,0.13448828107919017,0.32279701779701775,0.0042881979751705325,42464960000.0,148494.0
BA,0.07283340773809523,0.300923106060606,0.0012701991670803138,118577260000.0,4511419.0
BAC,0.1234811507936508,0.36560746753246753,-0.016439290340890367,215740740000.0,96852817.0
BALL,0.10421067774817773,0.3169480024605025,0.01196128896937552,16514990000.0,1442769.0
BAX,0.15649802346456385,0.34212458884176056,0.006059021965952985,19238000000.0,7628669.0
BBWI,0.15535361351611351,0.3353614718614718,0.06346101282397332,7858060000.0,3505931.0
BBY,0.109271065634702,0.3183099392190301,-0.04593362198290202,16264190000.0,1603981.0
BDX,0.1985329365079365,0.38128781866281863,0.004079066503804631,66984060000.0,910624.0
BEN,0.04744461434328858,0.3068260555381767,-0.021158139702083884,13104510000.0,2859580.0
BF-B,0.09690740740740739,0.34908024691358025,0.009618442831796865,,
BG,0.21455970050357806,0.3964000427010631,-0.006172824001636395,,
BIIB,0.1832498647186147,0.344085091991342,0.015404870176740526,38314560000.0,973373.0
BIO,0.199390490740271,0.432181240981241,-0.01934249803169281,13542320000.0,138433.0
BK,0.02623638266495409,0.31462864516435946,-0.027248550262904816,34577910000.0,5972842.0
BKNG,0.19000382614018976,0.3477838996020814,-0.010189299844181522,95574380000.0,329589.0
BKR,0.08751921064116935,0.26928535095856526,-0.01640517035670139,27030000000.0,7614465.0
BLK,0.029115737734487734,0.3536669733044733,-0.024027838998822527,97918580000.0,574139.0
BMY,0.2300754834054834,0.4248787012987013,0.010220630872138878,140576100000.0,6274668.0
BR,0.0763022351797862,0.26147048104956266,0.027021196267730974,16225240000.0,1051538.0
BRK-B,0.12549188311688309,0.34454437229437235,-0.005035375180396195,,
BRO,0.03492321528779862,0.32988816224927336,-0.0001792818796617904,15653040000.0,928984.0
BSX,0.15538045183982685,0.28169448051948054,-0.004914039265294308,68783420000.0,10069235.0
BWA,0.06627127750721501,0.1864347222222222,0.009743679165288307,10899300000.0,2322029.0
BXP,0.06219832251082251,0.23011643217893216,-0.050195916839391556,7428810000.0,3704251.0
C,0.09880462270613787,0.3827969388449186,0.003328190079755697,84574060000.0,25448115.0
CAG,0.3691055194805195,0.1955692640692641,0.023613417177073607,17430280000.0,3587689.0
CAH,0.08621854477721824,0.45292830822805313,0.002906159400282729,17779680000.0,1994603.0
CARR,0.041139730639730636,0.10156613756613757,-0.009955768923535491,36988540000.0,5157501.0
CAT,0.06340506854256854,0.3315960618085618,-0.021163055955836077,113307430000.0,2976749.0
CB,0.1743537270809998,0.2909897089442544,-0.024345030063247522,77203720000.0,1855102.0
CBOE,0.17201194534632033,0.4021324494949495,0.026405976481640486,,
CBRE,0.15605315235690234,0.3488596813371813,-0.08939738438731708,21354860000.0,3763731.0
CCI,0.046362497852676425,0.24486728080120937,-0.015445266387760823,53637870000.0,2784044.0
CCL,0.2823397622053872,0.3293702441077441,0.023026320261198014,11469290000.0,45479068.0
CDAY,0.3265594457304527,0.46909932659932657,-0.03423879680951416,10551230000.0,591914.0
CDNS,0.09894479059300487,0.3107160971964543,-0.02212817969726704,56497820000.0,2302459.0
CDW,0.15250785877048503,0.28724229427512254,-0.044578116736440965,25911520000.0,580517.0
CE,0.09820473785473785,0.3258512987012987,-0.017780689833078973,11032600000.0,2070035.0
CEG,0.13188942090457242,0.340714795866311,-0.013199092409101075,24041320000.0,2777170.0
CF,0.02580036703616249,0.3570983856211129,-0.05917801116430951,13704080000.0,3389781.0
CFG,0.04837708217708217,0.24662506845006846,-0.0693519346995926,14476120000.0,11422618.0
CHD,0.08918120490620489,0.2755382756132756,0.0220014264278289,20579310000.0,829010.0
CHRW,0.1511426406926407,0.270545670995671,-0.0011384869304969442,11050860000.0,892340.0
CHTR,0.2768860028860029,0.5422972582972583,-0.019160350382572036,57866150000.0,964421.0
CI,0.2295144841269841,0.4843023148148148,-0.07273514377969623,76212900000.0,2216510.0
CINF,0.12137911255411254,0.27542012987012987,-0.029118342423994546,16664780000.0,574506.0
CL,0.14850176767676768,0.24533448773448774,0.029289898135246465,59646410000.0,5013421.0
CLX,0.1950655799062049,0.3963210317460317,-0.0008932520478837618,19098450000.0,740673.0
CMA,0.2123316287878788,0.4005088194873909,-0.12070743610225333,5352600000.0,8393822.0
CMCSA,0.18739440476190478,0.32282960317460313,-0.014598564234229209,151651360000.0,20371019.0
CME,0.09708723845598845,0.27390847763347764,0.025231243177452505,64763780000.0,1382944.0
CMG,0.08097641293891293,0.2687208273208273,0.015319826086017596,45089180000.0,228390.0
CMI,0.10763926628926627,0.33444897463647466,-0.020949731218218724,31977400000.0,1366078.0
CMS,0.09918148448773449,0.3656121572871573,0.008006664489203135,16881720000.0,1566945.0
CNC,0.06578967352092352,0.38110565776815775,-0.033236360134994355,34497970000.0,2921781.0
CNP,0.08127672497570457,0.32285046161321673,0.015226639825102072,17205780000.0,3585557.0
COF,0.020874999999999998,0.035708333333333335,-0.03637896468726259,34262460000.0,3069045.0
COO,0.0696290593713274,0.3652840816114012,0.011316025917543299,17058710000.0,373187.0
COP,0.03758240018025371,0.32683348030570253,-0.01176903451649605,117514410000.0,8385893.0
COST,0.06448039735149111,0.380826458032708,-0.008312146356545655,216314120000.0,1635055.0
CPB,0.13737934704184704,0.28529719516594515,0.012389018976707493,16022220000.0,1817793.0
CPRT,0.14112849095349095,0.30881433288933285,0.027258711413776046,33947820000.0,1541091.0
CPT,0.0848122487003737,0.3625471193621193,-0.016439994990858922,10526410000.0,979124.0
CRL,0.0598778146043771,0.22959635416666666,-0.03412693834894632,9875540000.0,571608.0
CRM,0.18681373737373735,0.4262822027972028,0.019185978993528034,187439070000.0,6102575.0
CSCO,0.21690169191919192,0.28873286195286196,-0.005525928348434024,203685100000.0,19437945.0
CSGP,0.20892903679653682,0.26111529942279943,-0.006778648398692862,26786170000.0,3402503.0
CSX,0.10482527056277055,0.3256909812409813,-0.007162315370341795,57917870000.0,13727036.0
CTAS,0.11039061688311687,0.389690181022681,0.001150951821729739,44018990000.0,282126.0
CTLT,0.23110937950937951,0.32156179653679656,-0.012878116592870914,11280670000.0,1377064.0
CTRA,0.18604025974025973,0.23727900432900434,-0.0062163126293912395,17746740000.0,11467743.0
CTSH,0.11311587301587302,0.20683253968253967,-0.003886440369217314,29620600000.0,3302953.0
CTVA,0.22740315055315055,0.31934176286676286,-0.007007346764206259,40483150000.0,2559312.0
CVS,0.1209280072247244,0.35029168063511495,-0.032292150487691594,92931050000.0,6058152.0
CVX,0.15241455627705627,0.38929170274170277,0.0011299223986498783,294619430000.0,6593100.0
CZR,0.39210284992784994,0.31123072483072484,-0.015972982503627393,9057060000.0,2792336.0
D,0.03287754509379509,0.383942806036556,0.011647274289850275,43613610000.0,3059296.0
DAL,0.09701893939393941,0.3622574508824509,-0.04190021229032672,20609320000.0,12639238.0
DD,0.0807739898989899,0.39166632672882673,-0.0012917516901951053,31331680000.0,2143205.0
DE,0.11532885025853774,0.25000524215367964,-0.017983525873655277,116112330000.0,1361443.0
DFS,0.21732641143578643,0.41033994708994714,-0.04250551994550654,24268200000.0,1924486.0
DG,0.10460988345554671,0.3023678475719292,-0.009329294536831938,45352290000.0,1809404.0
DGX,0.038198439754689756,0.14546176046176046,0.021190416793626765,15071860000.0,1674469.0
DHI,0.20360176647426648,0.37773208273208275,-0.011771989185860693,33061850000.0,2825311.0
DHR,0.21977130325814534,0.46106651243493346,-0.006159935444324266,179908360000.0,2994528.0
DIS,0.040530919998376824,0.26814628973719884,-0.01781646161582419,175063130000.0,9533307.0
DISH,0.12092415956439394,0.4577910353535353,-0.0939456811793069,4695430000.0,9982768.0
DLR,0.006096141098484853,0.2707505681818182,-0.06552185977854713,27238960000.0,2618825.0
DLTR,0.30477830687830687,0.4328576058201058,0.004823435630431642,29967510000.0,1951917.0
DOV,0.10773001443001443,0.32232425444925444,0.014907496076932363,19641770000.0,693306.0
DOW,0.13109782647907647,0.36106560245310243,0.01632728489625394,36567550000.0,4338442.0
DPZ,0.07184274891774892,0.13921432178932178,0.020746744849462376,11170750000.0,819855.0
DRI,0.12110091439173072,0.24754413670229997,0.013383248986050766,18318760000.0,1608233.0
DTE,0.13200942445134364,0.3153587026516319,-0.0003763375217122632,21116220000.0,1022854.0
DUK,0.10567478723090969,0.24998387666755012,-0.0002110018336469916,70501000000.0,3608722.0
DVA,-0.02494090909090908,0.33703863636363635,-0.01086954612905775,6801320000.0,406095.0
DVN,0.12060460858585859,0.3117246212121212,-0.009987804010408385,30555040000.0,8727263.0
DXC,0.27822729978354976,0.4184943722943723,0.013732830390198436,5293610000.0,1539632.0
DXCM,0.21474365981240978,0.33728914141414146,-0.04336866293934824,44244100000.0,1360742.0
EA,0.04982512626262626,0.33745842352092353,0.026796538509125802,31821480000.0,2527290.0
EBAY,0.052642577561327564,0.28586599927849926,-0.020114310128348214,22790680000.0,4541755.0
ECL,0.10425629350807922,0.4573455633652062,0.015146710763302122,44705160000.0,1113882.0
ED,0.06478839462042588,0.41056175999926,0.012876885039215365,32568130000.0,1643529.0
EFX,0.10910964646464646,0.31593873015873014,-0.03696037880778866,23986210000.0,571730.0
EIX,0.09065820707070707,0.2376574494949495,0.013124944706731326,25268460000.0,2041404.0
EL,0.11659209205146706,0.2723382696007696,0.00809221247707023,85275480000.0,897056.0
ELV,0.030987405303030298,0.24006464646464645,-0.023781164865737604,105979480000.0,1668234.0
EMN,0.16380919786232287,0.2921543715543715,0.0018384793799683641,9353040000.0,582361.0
EMR,0.22550966068245482,0.3820341439606146,-0.0034528029872999966,47483540000.0,2269233.0
ENPH,0.11025152717652718,0.24769165464165466,-0.06795742560578046,27818820000.0,4037926.0
EOG,0.1479730359147026,0.32844048019881356,0.01647947772293414,61581900000.0,4183034.0
EPAM,0.17101222943722946,0.3820811507936508,0.011943060481133631,16406430000.0,375530.0
EQIX,0.07065703463203463,0.36562564935064934,-0.0071081993067469516,61830190000.0,367010.0
EQR,0.1260926769638891,0.33509278460036035,-0.014511842220699156,20997370000.0,2421472.0
EQT,0.1255390873015873,0.24825357142857143,-0.0032258187570879536,10641300000.0,6921446.0
ES,0.15846796791872547,0.3734510266202185,0.01681796805959808,25526310000.0,1923342.0
ESS,0.08830607459433991,0.34678132761040925,-0.02852432164566982,12656540000.0,552254.0
ETN,0.07450079020979021,0.3427553791763792,-0.008086774192958692,65570550000.0,2194939.0
ETR,0.10512436473926375,0.3334892880221163,0.018710618290117727,21213940000.0,1311385.0
ETSY,0.11099395396270395,0.28344716672216674,-0.06787331725684309,13722750000.0,2769684.0
EVRG,0.16746185816498316,0.26157121813371814,0.004919438706939947,13120020000.0,1295942.0
EW,-0.04761030081745287,0.3668823544725607,-0.015171974088250984,48391390000.0,2748087.0
EXC,0.06338255772005771,0.35832570346320347,0.003441479562393837,38976470000.0,6985023.0
EXPD,0.17359432837693706,0.2336014649601606,-0.00944287049661306,16149970000.0,877902.0
EXPE,0.0026021136951872932,0.26966423928004013,-0.03834624376715924,14207540000.0,2671077.0
EXR,0.08577794913419913,0.34883122849372844,-0.04739697528607103,20148860000.0,681732.0
F,0.12699811061553487,0.3470618644356018,-0.010238897851962572,45522170000.0,72414521.0
FANG,0.08639127074314575,0.3215747913197913,0.0006891103969107668,23247850000.0,2350287.0
FAST,0.12320867707862658,0.49541243665612356,-0.009597258701371942,29541650000.0,2626570.0
FCX,0.2260735311797171,0.365706259018759,0.002875081421256958,54065800000.0,13891599.0
FDS,0.0042020833333333415,0.31764365079365076,-0.042294872304468746,15017080000.0,502946.0
FDX,0.11651201298701298,0.28935631313131316,0.0027748742449648185,54524030000.0,1772561.0
FE,0.022785714285714284,0.039202380952380954,-0.019299190340698567,21602250000.0,2338987.0
FFIV,0.19178800693320897,0.4815872712211096,-0.03438511126547016,7726320000.0,340759.0
FICO,0.1731858500529586,0.41315812647883354,-0.02491101083389781,,
FIS,0.06874339826839827,0.14623001443001443,-0.04595966509128077,29578960000.0,7601721.0
FISV,0.11962853535353535,0.25076540404040404,-0.015569728609129127,69784900000.0,3377477.0
FITB,0.1569015873015873,0.2746722222222222,-0.03833512314372529,17195430000.0,10998716.0
FLT,0.17780553977272728,0.359925505050505,-0.03983287848431829,14679940000.0,532545.0
FMC,0.04942619047619047,0.4018150793650793,-0.018760779637371452,14637110000.0,725697.0
FOX,-0.01602761544011544,0.23670542328042327,-0.02900423802653163,17113940000.0,851954.0
FOXA,0.13974574842946055,0.33167136735318553,-0.02875781897027601,17422290000.0,4762586.0
FRC,0.16712521645021647,0.3928693722943723,-0.1439442226931665,2292040000.0,72473624.0
FRT,0.31846087662337663,0.45427608225108224,-0.019843754441722625,7416530000.0,683185.0
FSLR,0.09130441317941317,0.2568529822029822,0.0036319928642099763,22408270000.0,1623185.0
FTNT,0.08243558441558442,0.2334081385281385,0.028978507606858248,49592030000.0,3384314.0
FTV,0.24199393656112406,0.40205782643282645,0.005004461471674746,22792060000.0,2639032.0
GD,0.059140733571983566,0.3596580593018093,0.014075661966728058,60405340000.0,1370613.0
GE,0.13599600580973129,0.3141024691358025,0.010414396629360324,99859190000.0,6658362.0
GEHC,0.3434597041847042,0.5372820165945166,0.004966085983838485,34366480000.0,1154820.0
GEN,0.1490236976911977,0.3620423737373737,-0.02110191760097125,10449750000.0,4417362.0
GILD,0.295220419973545,0.512168716931217,0.023123601783778293,98222400000.0,4805534.0
GIS,0.06711796176046175,0.32110157287157287,0.04978324016181308,48436910000.0,5328808.0
GL,0.18463629374098123,0.3028478655603656,-0.010101015711317983,10265710000.0,323140.0
GLW,0.1674642857142857,0.3618948412698413,-0.0035639720347666565,27670540000.0,3581927.0
GM,0.13427183892496392,0.27266832611832614,-0.025071147910926055,47055110000.0,11910916.0
GNRC,0.15840815295815294,0.3449560606060606,-0.043144813325219605,6628710000.0,1143030.0
GOOG,0.1559894354256854,0.2824713059163059,-0.04232800342544256,1354070210000.0,25235141.0
GOOGL,0.10130555555555557,0.37903333333333333,-0.037075862157228065,1356358050000.0,30386710.0
GPC,0.08801771284271284,0.298513474025974,-0.027603675756982447,21724740000.0,1619899.0
GPN,0.123614908008658,0.31321983225108224,-0.028013618376557137,25966820000.0,1597481.0
GRMN,0.17240261789977698,0.3480771185884822,-0.00636814649440451,18196020000.0,659770.0
GS,0.1239496212121212,0.28620641025641025,0.0036560882078050094,105095410000.0,2456611.0
GWW,0.11072486225895316,0.3830457988980716,-0.007314679967062783,33445440000.0,270260.0
HAL,-0.04594588744588744,0.6317795815295816,-0.020350645199181477,26597970000.0,11349475.0
HAS,0.10220892585949405,0.4055169718048506,0.015081439913608191,6722890000.0,1363151.0
HBAN,0.20306926406926407,0.2967100468975469,-0.010676146619453566,15482130000.0,21343729.0
HCA,0.18057613636363637,0.39114520202020203,-0.016274330952626443,70080830000.0,1021403.0
HD,0.04570075757575757,0.16278333333333334,-0.02974807576769483,288156800000.0,3849952.0
HES,0.1457168535553952,0.4499346202601411,0.027837337358778445,36913590000.0,2065199.0
HIG,0.202853170995671,0.32425741702741706,-0.036802726400864814,20595720000.0,2150608.0
HII,0.1199666445728308,0.3047677435942742,0.00627649760416297,7855180000.0,275522.0
HLT,0.10206771284271283,0.2668637716450216,-0.05927875952956653,36149100000.0,2925428.0
HOLX,0.17119842909615637,0.25404622523940706,-0.011783814110181775,19362020000.0,1182664.0
HON,0.12159166666666665,0.310986069023569,-0.016949180953621617,124889320000.0,2332171.0
HPE,0.21025816874098122,0.3675494047619048,0.013559309102721134,18492170000.0,12699716.0
HPQ,0.18343189033189033,0.32171198893698894,-0.034253807363792244,27307530000.0,5796380.0
HRL,0.1461163383838384,0.3192878499278499,0.016878773155267892,20740750000.0,2263789.0
HSIC,0.12408113391984359,0.21125610948191592,-0.007352895732777977,10257260000.0,660642.0
HST,0.23542570008116884,0.44503805916305916,-0.037854938553236774,10602240000.0,8288394.0
HSY,0.17592339466089466,0.38894094516594513,0.039927593065498784,49780200000.0,1587266.0
HUM,0.09587311710398445,0.33818351149983805,-0.034859291303184076,61457240000.0,659719.0
HWM,0.19038700654504226,0.40729283266336835,0.014056712837204428,16569720000.0,2387350.0
IBM,0.1551318894729609,0.3363098398955542,0.02188509638733671,111909030000.0,3812231.0
ICE,0.041049072980891166,0.35723324514991184,-0.006217436211315558,53946090000.0,1995210.0
IDXX,0.13776363636363637,0.2218228354978355,-0.014654782675600666,39690440000.0,268171.0
IEX,0.178529935515873,0.380490873015873,0.0017977132045686535,16462390000.0,236910.0
IFF,0.10390558036039636,0.2981560604498916,0.06257471580691615,21300080000.0,1378258.0
ILMN,0.25771171923314784,0.4145007421150278,-0.03506161387600301,34278200000.0,754617.0
INCY,0.07963996598639456,0.3251853741496598,-0.04327119877007803,16111470000.0,3459508.0
INTC,0.24522031024531024,0.3887076479076479,0.029163803856463364,120097080000.0,55910622.0
INTU,0.25212191558441555,0.41199024170274173,-0.006397678399262886,121332050000.0,1659705.0
INVH,0.24801699134199132,0.2971177489177489,-0.024180239704250404,17535350000.0,3006537.0
IP,0.17188447420634922,0.4107772727272727,-0.016458620982674196,11941460000.0,3047703.0
IPG,0.1457820646945647,0.3609123075998076,-0.004238420846808913,13490400000.0,4823114.0
IQV,0.1287049312570146,0.3651011854657688,-0.03501727781055138,34995430000.0,1559975.0
IR,0.06129723665223665,0.20781609307359308,0.0010733015555638961,22252480000.0,1982426.0
IRM,0.14949780844155844,0.2952656114718615,-0.022065949494628957,14411040000.0,1138739.0
ISRG,0.067323848003848,0.2373759571909572,0.011391328445011326,85626340000.0,3269446.0
IT,0.11136862876345298,0.38372899230399227,0.0021333930871261994,24394520000.0,427911.0
ITW,0.4289921085858586,0.4192948051948052,-0.004465024367252626,70556080000.0,1049578.0
IVZ,0.1825243650793651,0.396595873015873,-0.02496882401840008,6839470000.0,7058678.0
J,0.09642159767316016,0.39340547438672435,-0.005831649164458775,14151470000.0,344840.0
JBHT,0.1420455591107765,0.33102118493422844,0.005399683898225546,17221250000.0,535583.0
JCI,0.12497586980920314,0.24844657755263813,-0.012736690880757176,40347570000.0,4130887.0
JKHY,0.16801909400123685,0.3696992888064316,-0.016100394149457117,10705820000.0,376549.0
JNJ,0.09805847819715006,0.3359061036186036,-0.013451114910907768,471502250000.0,5695871.0
JNPR,0.034413152083606624,0.35286146092964277,0.02551336995632682,10405640000.0,4084483.0
JPM,0.07229554473304473,0.19414718614718615,-0.012792019378836977,373334770000.0,22303134.0
K,0.04254844200937951,0.3835924603174603,0.017498071572501907,22136720000.0,2071524.0
KDP,0.08886894194469952,0.3280063612033309,-0.00028454048022181713,47973800000.0,8625151.0
KEY,0.09820741921768708,0.6360734410430839,-0.030564289680810593,10501670000.0,28742834.0
KEYS,0.1167964693092244,0.4471861594565676,-0.01233705845091415,27867530000.0,930576.0
KHC,0.1794909090909091,0.3062114246864247,0.009200800885844084,45839670000.0,4940666.0
KIM,0.08452806637806637,0.25746504930254926,0.000548860003222184,10854270000.0,5366422.0
KLAC,0.09999880952380952,0.16772857142857142,-0.036487788609697876,53841300000.0,1375678.0
KMB,0.07442098959775727,0.32854811948246293,0.027730065093596254,42981420000.0,1569643.0
KMI,0.19218100048100048,0.3652020442520443,0.01426871435628003,36844820000.0,15747958.0
KMX,0.0913888888888889,0.16230555555555554,-0.014377511662346633,8964570000.0,3122513.0
KO,0.04188423739560102,0.47566749748567927,0.018236049066417345,259232430000.0,12969804.0
KR,0.017063492063492062,0.11124603174603175,0.02428810486136698,34740150000.0,6830142.0
L,0.0761113906926407,0.2653305194805195,-0.002499096545955764,12638280000.0,1061098.0
LDOS,0.028510732323232316,0.43511447811447806,-0.016623498765905895,12371020000.0,953759.0
LEN,0.10971612103174604,0.18619563492063493,-0.016719854416967384,29215260000.0,1875907.0
LH,0.1066098167782738,0.33779389880952376,-0.0028467077392005337,18997300000.0,723331.0
LHX,0.17599314574314573,0.25785804473304474,-0.029575359015464067,36240850000.0,1513122.0
LIN,0.08964850153625664,0.2957250591434265,0.017784962031410306,167989780000.0,1793812.0
LKQ,0.08163961038961039,0.16746536796536796,0.0005432593015884947,14318870000.0,1125450.0
LLY,0.09356564078282828,0.3127651875901876,0.01984416935689557,316789080000.0,2791763.0
LMT,0.09624852092352092,0.4130827922077922,-0.006993022276365989,119090560000.0,1125984.0
LNC,0.14457668276545826,0.3494824336661071,-0.07811807258066633,3450480000.0,4385040.0
LNT,0.1561116486291486,0.5838071031746032,-0.0007690271509491379,12566700000.0,1406449.0
LOW,0.06842627104377104,0.3818743602693603,-0.03374154995774543,114003770000.0,2692345.0
LRCX,0.08547249879749881,0.24670802068302067,-0.043913590788714846,70649880000.0,1395917.0
LUV,0.11698114527196161,0.24171271755455428,-0.013208819029243144,17602890000.0,6307579.0
LVS,0.16255804473304472,0.33272097763347763,-0.010514829912288933,41828850000.0,3291474.0
LW,0.08519836411250552,0.3768772805010179,0.02037128698658061,14211950000.0,1532066.0
LYB,0.16717409361471863,0.31395977633477634,0.017857076646870883,27950860000.0,2952468.0
LYV,0.1413397095959596,0.3382268759018759,-0.019933624381000242,15132230000.0,1911139.0
MA,0.16782295356158994,0.28959796376463043,-0.0006769347293767295,337800400000.0,2971473.0
MAA,0.13719444444444442,0.28714814814814815,-0.009110304858790644,16322130000.0,810818.0
MAR,0.10756571067821068,0.2566401875901876,-0.05233666587262022,49292920000.0,2509741.0
MAS,0.09908087121212121,0.24707727272727273,-0.06393759898786339,10900010000.0,1900152.0
MCD,0.03683502886002886,0.3344303053428053,0.02087270947334729,197227050000.0,2229070.0
MCHP,0.15615643338143337,0.2732725468975469,-0.05383400481090385,45083670000.0,5487571.0
MCK,0.1581515705524634,0.3495035636982065,0.02017443157969899,45988510000.0,1011810.0
MCO,0.12254462008249886,0.2952108112145991,-0.010434569126285497,53215390000.0,569118.0
MDLZ,0.2439418831168831,0.3650368326118326,0.025947152965424457,91614010000.0,7200556.0
MDT,0.11422414965986395,0.29530273139558855,-0.012776784384694345,103200850000.0,6216949.0
MET,0.0837266925204425,0.36041826298701296,-0.05296426685075585,42047880000.0,6625292.0
META,0.11849726749821447,0.4413202673682472,-0.0073209881258303605,529624910000.0,27708905.0
MGM,0.07918756012506012,0.1828275012025012,-0.02038422974845343,15416660000.0,4209069.0
MHK,0.07260736615128216,0.18249922198172197,-0.025518953347507912,6040730000.0,441175.0
MKC,0.13654272787397786,0.29304325697450695,0.11526307575383898,19102140000.0,1259186.0
MKTX,0.13863294939187795,0.2760890473613688,-0.005097507035313719,14412870000.0,172884.0
MLM,0.12958884940566842,0.3960314131744544,0.032641133553738065,20708310000.0,352874.0
MMC,0.09573055555555555,0.438225,0.01171926757431193,78463850000.0,1619811.0
MMM,0.11613791610227157,0.34951920024420025,-0.02445107900443169,55600700000.0,3552872.0
MNST,0.12258119588744588,0.27884205447330446,-0.005684593526165868,53489840000.0,1342406.0
MO,0.06818525083193451,0.27716766793297404,-0.019411485392372165,77600460000.0,10444456.0
MOH,0.17447228535353534,0.32078287037037034,-0.0016901356143267563,15364450000.0,456322.0
MOS,0.08225747354497354,0.34043724562474564,-0.03791045727349782,14462200000.0,7236835.0
MPC,0.24300901875901876,0.5293628336940838,0.025567185359269034,55710970000.0,3856056.0
MPWR,0.24511363636363634,0.3630831529581529,-0.046946457801968405,24148650000.0,661312.0
MRK,0.10572758306975479,0.2863637213889739,-9.477104551547533e-05,264598000000.0,6659383.0
MRNA,0.0600150036075036,0.4012773665223665,-0.034056592549016225,57628620000.0,1988415.0
MRO,0.1453252976190476,0.4282465097402597,0.013501802510988023,13852440000.0,10324256.0
MS,0.13307334748584748,0.3013639652014652,-0.043713438366725116,144378040000.0,10978178.0
MSCI,0.07453236832611833,0.3395693813131313,-0.020619472738978014,43790150000.0,323327.0
MSFT,0.19749159226190474,0.4206070346320346,0.0052962678555643974,2066847020000.0,28166031.0
MSI,0.145915867003367,0.28529814814814813,0.004490912185293799,44848930000.0,625266.0
MTB,0.136014908008658,0.3399930284992785,-0.06483735064361464,18883000000.0,3069279.0
MTCH,0.4358757575757576,0.3076665404040404,0.029856597218284844,11094800000.0,2460168.0
MTD,0.03524891774891775,0.1497949134199134,-0.01771737250120059,32026920000.0,63490.0
MU,0.09459758297258297,0.3537140151515152,0.01108643526078885,66932890000.0,18733820.0
NCLH,0.2362707251082251,0.4056972582972583,-0.03338511656484145,5303720000.0,16475137.0
NDAQ,0.07280032636634198,0.25671646825396827,-0.01981114104937162,25667840000.0,2892439.0
NDSN,0.17734313918404826,0.37977679391315755,0.024953335319701935,11860080000.0,252659.0
NEE,0.09205599176900196,0.29437249683423156,-0.0015923931211532859,146697060000.0,5293573.0
NEM,0.06215814754689755,0.23049146825396824,0.0442060395009459,37969500000.0,9363990.0
NFLX,0.2386700487012987,0.40529589947089945,0.057980901838868906,142675610000.0,12988696.0
NI,0.09115773027284507,0.3804164273934682,0.008895469799488027,10717120000.0,2651366.0
NKE,0.12853454832204833,0.29416042707292706,-0.06161928052034159,187571270000.0,6158236.0
NOC,0.10265998526936027,0.1677051767676768,0.020045310443680867,68023450000.0,1006359.0
NOW,0.16762470075083688,0.3907829662321004,-0.0367709899811829,88973940000.0,922661.0
NRG,0.10810180402509947,0.4064674097881169,-0.016571234101165223,7202710000.0,3571023.0
NSC,0.11603208874458874,0.2296371212121212,-0.0038950438392091075,45424970000.0,1398045.0
NTAP,0.11100389610389609,0.5062728354978355,-0.05312359452271537,13161480000.0,1930915.0
NTRS,0.006666666666666666,0.011333333333333332,-0.026246428831258953,17289200000.0,1102926.0
NUE,-0.021944827058463425,0.22100474441383533,-0.025378098526522286,37285880000.0,1493139.0
NVDA,0.14016414028679652,0.36197896964146964,0.008053803381010912,671617340000.0,45485536.0
NVR,0.09958958269564329,0.45014555730464817,-0.012527757421246946,17375730000.0,20890.0
NWL,0.19437835497835498,0.3271768398268398,0.00941777857903837,4764690000.0,5023606.0
NWS,0.19517969056406553,0.42487304686054683,0.026993899058425017,9359510000.0,958730.0
NWSA,0.12480377886002886,0.25494386724386725,0.02405930407304263,9328770000.0,2939132.0
NXPI,0.11720013828763827,0.24804131192881193,-0.0401751065625051,47243020000.0,2280608.0
O,0.07689087752525252,0.39943025030525026,-0.003427437292373102,39149230000.0,3674720.0
ODFL,0.1378566045066045,0.27015958624708625,-0.01225641883681316,36254890000.0,651920.0
OGN,0.26550363756613754,0.4511133597883598,-0.006255558306448211,5448820000.0,1596080.0
OKE,0.03214093314093314,0.2145223063973064,-0.014384991191421783,26224730000.0,2202319.0
OMC,0.12017308802308803,0.31541121933621935,-0.013014439923101815,17966780000.0,2344866.0
ON,0.09589746197089946,0.35871979316979313,-0.05925015101699784,34976370000.0,5789809.0
ORCL,0.17856224747474747,0.41599267676767676,0.025919120753677537,236988930000.0,5852010.0
ORLY,0.07726081349206348,0.2886482993197279,0.011248942386440862,49553650000.0,314152.0
OTIS,0.02641666666666667,0.10120833333333333,-0.007167979047388821,33306070000.0,1766820.0
OXY,0.16527560831684543,0.36551114502145426,0.03270247926819113,52636030000.0,13579518.0
PARA,0.08380898268398268,0.25732467532467534,0.007529404584099265,13653020000.0,10229612.0
PAYC,0.11387998737373739,0.32819671717171717,-0.01557601308509216,16426660000.0,313197.0
PAYX,0.18537142857142858,0.35375119047619047,-0.01187775453549135,38887440000.0,1654983.0
PCAR,0.1670725649350649,0.33580535714285714,0.005599018516445915,36479410000.0,2487804.0
PCG,0.23085583857548703,0.4246405405242905,-0.014402034568872036,37708350000.0,14287535.0
PEAK,0.21206676136363634,0.43617272727272727,-0.0009569597190776573,11104050000.0,5073245.0
PEG,0.03927269933583065,0.13860814737077362,0.02306513440926091,,
PEP,0.039197336520568844,0.30555232459272863,0.007977069899245359,241925510000.0,3713728.0
PFE,0.22098660263347764,0.39091049783549786,-0.016478066194285927,226792270000.0,17212196.0
PFG,0.10607756132756131,0.3522902386964887,-0.03766305368701612,17323350000.0,1870745.0
PG,0.10231842532467532,0.30458602092352094,0.01582453324764915,339221040000.0,6140738.0
PGR,0.025265595353787765,0.3925624161229117,0.01868366580476214,80685460000.0,3227205.0
PH,0.06476455627705628,0.29991904761904764,0.004690226600577833,41100240000.0,800466.0
PHM,0.08530710522909295,0.31966798646813077,0.025976366371673432,12648780000.0,2105658.0
PKG,0.055943707160894654,0.4051009573759574,0.011732833031145211,11757140000.0,470090.0
PKI,0.2526467352092352,0.4365870670995671,0.02182389619891481,15813540000.0,791459.0
PLD,0.06521765873015874,0.24919285714285713,-0.014447440652709009,105408920000.0,3721396.0
PM,0.07576217532467532,0.31198290043290045,-0.002117938659280355,139939220000.0,3897406.0
PNC,0.1312483630952381,0.31128170995670995,-0.03616467621502257,48813300000.0,4133616.0
PNR,0.13706753719164433,0.41592160293410296,0.013257590398753634,8393540000.0,2047277.0
PNW,0.07224305555555555,0.3560910052910053,0.002196358728603812,8386090000.0,969391.0
PODD,0.2040592119107744,0.28563554067460317,-0.04521053366120799,,
POOL,0.17320016233766233,0.3217122414622415,-0.055577956119715305,12719750000.0,499350.0
PPG,0.25576637445887446,0.406811746031746,-0.0030015581200472587,29069470000.0,1245931.0
PPL,0.09523252547116183,0.48951179726558514,0.011575782598727546,19087180000.0,5873816.0
PRU,0.08834561327561329,0.3247674347874348,-0.03699206228325162,28266270000.0,2823924.0
PSA,0.15491401515151515,0.32751843434343436,-0.03727984749129621,49604730000.0,555106.0
PSX,0.18220670464228747,0.4176930080501509,0.03380424515307895,43394180000.0,3718416.0
PTC,0.04145613275613275,0.18625815295815296,0.023673049992274913,14189000000.0,413569.0
PWR,0.05198635461760462,0.27409941077441075,0.010271029032674694,22891860000.0,1209663.0
PXD,0.1637090999278499,0.393068759018759,0.012439889321831411,44458560000.0,2185568.0
PYPL,0.1794073040674603,0.3301902777777778,-0.05239838645070469,82092500000.0,9174706.0
QCOM,0.11938909932659932,0.2783186026936027,-0.019870813030906934,138427460000.0,6987080.0
QRVO,0.15120050614368796,0.2534699811972539,-0.03279823244796975,10236320000.0,1218841.0
RCL,0.2786193181818182,0.3827727272727273,-0.023978552964174463,15768060000.0,3977546.0
RE,0.0430191525646071,0.42093665733817254,0.0003675049690812721,13382850000.0,306557.0
REG,0.07116539631003917,0.29857394008108296,0.005508688138813215,9711280000.0,1407191.0
REGN,0.05535191919191918,0.23872888888888888,0.0884620933895077,87699000000.0,1129417.0
RF,0.028179071559753376,0.3210340781552903,-0.03530032099331664,16382910000.0,11571037.0
RHI,0.07213571654040404,0.2700961038961039,-0.012425563783701635,7976470000.0,624970.0
RJF,0.06594371212121213,0.4364705336330336,-0.03563544084436139,19663940000.0,2111075.0
RL,0.03071559753377935,0.21446594370836794,0.009342591849499432,7353050000.0,794450.0
RMD,0.14779328726828725,0.3616488823676324,-0.003647069701710537,30936770000.0,409059.0
ROK,-0.02629786460166148,0.3686665563072489,-0.01546830352509493,31957310000.0,647648.0
ROL,0.05816597041847041,0.284591042938543,0.0021756327267200503,17822590000.0,1057027.0
ROP,0.16469006771197492,0.3267724309863485,0.003624192802122533,45158500000.0,673298.0
ROST,0.1261462361712362,0.2617315476190476,-0.009602458285585513,34998370000.0,2543753.0
RSG,0.07176212292998006,0.237466600727315,0.005359443725373575,40439880000.0,1177110.0
RTX,0.1137346681096681,0.2531029942279942,-0.012345669402096329,140467760000.0,4711872.0
SBAC,0.11535410927456381,0.3618555686737505,-0.01612776906848696,26674330000.0,617910.0
SBUX,0.1320205296404276,0.3421963880790412,-0.01810224466133995,113113610000.0,4685039.0
SCHW,0.12661312129228797,0.39454444244027576,-0.09450147353663674,97441300000.0,45385582.0
SEDG,0.21380205627705628,0.24812023809523812,-0.06310081061831775,16368430000.0,901848.0
SEE,0.1255357233044733,0.3671124333999334,-0.029130561212613933,6145650000.0,804831.0
SHW,0.011487478741496599,0.0900764172335601,-0.04112319613023846,53948230000.0,2237059.0
SJM,0.2024352858491116,0.39491436733860974,0.01524888776982962,16110960000.0,962196.0
SLB,0.17111442412462818,0.3586149762935477,-0.01325599432125251,64590400000.0,19753477.0
SNA,0.03445090187590187,0.35425797674547677,0.000794723272340088,12417980000.0,319381.0
SNPS,0.09707405303030303,0.2790594426406926,-0.011993777139825555,57783130000.0,944473.0
SO,0.1117469443585515,0.5184887259377056,0.018769584206504864,72238300000.0,4885346.0
SPG,0.15193419913419914,0.33695245310245314,-0.04554619772366896,33471640000.0,2022670.0
SPGI,0.27777343073593075,0.4193128246753247,-0.021867684681596517,106982840000.0,1192811.0
SRE,0.07179718818330903,0.33688228862973757,-0.0009616003377287115,43941970000.0,1178092.0
STE,0.08770623509143918,0.2107974791648261,0.004444642208328574,18012550000.0,321945.0
STLD,0.11603454184704186,0.24489060245310246,-0.016388999294667424,18444730000.0,1539273.0
STT,0.04781215728715729,0.311041385003885,-0.04040665308650373,25040240000.0,2696999.0
STX,0.1733276515151515,0.43329971139971135,-0.026892080675996313,12719410000.0,1758070.0
STZ,0.15762199224386722,0.36893000541125537,0.014386828129225293,39664720000.0,935626.0
SWK,0.10081362090290663,0.2928811928811929,-0.03652561942506904,11551070000.0,2240752.0
SWKS,0.08611431369084431,0.208280840474718,-0.029716482752974678,18498440000.0,1702578.0
SYF,0.15366543839758126,0.2666518194579419,-0.05819397302064893,12241420000.0,5539342.0
SYK,0.003463888888888889,0.1961188492063492,-0.0025527729306167716,103905400000.0,854027.0
SYY,0.1492837545093795,0.29790761904761903,0.015425581239155758,37171470000.0,1907485.0
T,0.0638409485922241,0.365704310570382,0.009708650967562729,131582940000.0,32053606.0
TAP,0.22483677564485643,0.4116938990676365,0.009624861126211632,10088790000.0,1083558.0
TDG,0.0723396791576479,0.2739525312650313,0.004647790459429972,38284580000.0,304595.0
TDY,0.07258006027537278,0.30901340413059164,0.010198834357318748,19662900000.0,154919.0
TECH,0.056157421436588105,0.3575596540804874,-0.03019628671110277,11311160000.0,825393.0
TEL,0.013709187837975709,0.30193080698762514,-0.007813711862911786,39604600000.0,1263761.0
TER,0.0734208388232878,0.20880895688050571,-0.020214380533480892,16792150000.0,1679373.0
TFC,0.10216715367965368,0.15567422438672437,-0.008308682126264665,43257580000.0,18651709.0
TFX,0.09698630050505049,0.30783137626262624,0.006084883909320903,11328800000.0,288088.0
TGT,0.1362902037018248,0.35961305390211645,-0.018068971299204574,71872140000.0,2703686.0
TJX,0.1443424918831169,0.3738853896103896,-0.0019643992231525944,86235270000.0,4643465.0
TMO,0.09591750841750842,0.266266835016835,-0.004436916982431589,213986640000.0,1012591.0
TMUS,0.2433401515151515,0.4157473304473304,-0.012995126194838506,173518210000.0,4406841.0
TPR,0.1019018759018759,0.2704940476190476,0.006755097084273702,9598820000.0,2783569.0
TRGP,0.14323820346320346,0.3174588564213564,-0.009725085858919317,15150810000.0,1504680.0
TRMB,-0.040756854256854255,0.45446789321789327,0.0,12024300000.0,1303479.0
TROW,0.05101445631360948,0.302041682339915,-0.021361337243328855,24438790000.0,1277174.0
TRV,0.13904468795093794,0.2505355339105339,-0.03417755526746725,38031550000.0,1200276.0
TSCO,0.13723443653424122,0.3086675324675325,-0.02613825989718657,24943110000.0,816054.0
TSLA,0.102442303992304,0.43050776815776814,-0.042463808644067624,608203830000.0,116256498.0
TSN,0.04590690476190477,0.35379111111111106,-0.006525864178302214,19943610000.0,3172856.0
TT,-0.019233342352092356,0.3715506854256854,-0.0019121004019020467,41899770000.0,1695714.0
TTWO,0.09889989177489177,0.25765608003108004,-0.025634483346058643,19815810000.0,1177967.0
TXN,0.16899936868686868,0.402519751082251,-0.005156651253074893,163574890000.0,5345409.0
TXT,0.042505411255411255,0.17496320346320346,0.012809387509514533,13819640000.0,1029957.0
TYL,0.14458865665584417,0.25087667748917747,0.004308592646779667,13488910000.0,179063.0
UAL,0.1991771194083694,0.3503339466089466,-0.04179843073380867,13626880000.0,7717184.0
UDR,0.09074175685425687,0.23774482323232324,-0.021922014284646043,12455600000.0,2324436.0
UHS,0.14593497353282706,0.35279668376890594,-0.01739748061483418,8607400000.0,360389.0
ULTA,0.13382667843852053,0.2972981316928685,0.030780573567946407,26243820000.0,473540.0
UNH,0.10851740169552668,0.28150598845598845,-0.01566344394011232,438353460000.0,2532662.0
UNP,0.10339025974025974,0.4235414081289081,0.037142602059155705,113931670000.0,4263595.0
UPS,0.1337181179277139,0.41261574742130297,0.005032402565411063,158736320000.0,2586741.0
URI,0.22496973304473303,0.3781015151515151,-0.05855031967639369,26507060000.0,1533239.0
USB,0.14716602056753572,0.38252670019841734,-0.052238787515849594,53704470000.0,18615090.0
V,0.04511802323833573,0.31779049122174124,-0.007298919303726218,458136330000.0,4789279.0
VFC,0.04202597402597402,0.16497943722943723,-0.01805561528284258,7944140000.0,5729869.0
VICI,0.13683045279636188,0.2625053869624577,0.013487416552735155,30186280000.0,7647315.0
VLO,0.20588642376142374,0.35722575156325154,0.02897346062726908,48391060000.0,4361745.0
VMC,0.05236266233766233,0.23346204304954304,0.011436101501531343,21873580000.0,717125.0
VRSK,0.042064664502164506,0.08145860389610389,0.008543773700932664,28126720000.0,1002836.0
VRSN,0.06877020202020202,0.2904807663097137,0.017547302624983246,21039930000.0,528609.0
VRTX,0.13627359453117027,0.355171319981926,0.03498974496053113,78349140000.0,2376539.0
VTR,0.09195582160894661,0.28875416666666665,-0.019134399166084615,16675560000.0,1984330.0
VTRS,0.2015395743145743,0.2780504329004329,-0.01243522179303033,11010710000.0,7014692.0
VZ,0.2224125757332828,0.36367551173106727,0.006889197402488448,156949560000.0,14956494.0
WAB,0.07727242063492064,0.2859216991341991,0.003982023483017158,17221510000.0,702060.0
WAT,-0.025258838383838376,0.20166666666666666,-0.029485163333263457,17574660000.0,367213.0
WBA,0.0037666666666666677,0.02655128205128205,0.008348204283060993,27884600000.0,8102774.0
WBD,0.12194603775853775,0.3254303872053872,-0.040424161973712715,35308280000.0,12746231.0
WDC,0.02470174212361712,0.3960034778589466,-0.024245857929364758,11262400000.0,2113957.0
WEC,0.15773115304834054,0.26346825396825396,0.014253046528098516,28366850000.0,1151437.0
WELL,0.10926866385206228,0.31445579605579604,-0.008935044704360134,32264890000.0,1576651.0
WFC,0.1647629979448161,0.40508801944408007,-0.033783764358771486,138279040000.0,35691517.0
WHR,0.07464841269841269,0.3911320827320827,-0.030231365354617436,6873540000.0,467677.0
WM,0.07919246216746217,0.22659893809893808,0.0020064256579149426,61509060000.0,2018614.0
WMB,0.10865688582251082,0.29134757094757097,-0.010623696459913911,34485410000.0,7071098.0
WMT,0.19675444624819627,0.4055840548340548,0.022717579283601907,379143430000.0,7582328.0
WRB,0.11435782828282828,0.22681489898989898,-0.0171199951171875,15798700000.0,1080696.0
WRK,0.005776665464165466,0.23222482764149432,0.018557447358412252,7234610000.0,2358416.0
WST,0.07203753504258553,0.2603226468630509,0.014267375449103378,24647940000.0,272426.0
WTW,0.07349296536796537,0.26082575757575754,-0.001697285250027326,24106000000.0,561448.0
WY,0.12321817543756318,0.3078006682470968,-0.047587133680721344,20725460000.0,3625297.0
WYNN,0.17087688105545248,0.32784263922019025,-0.009058169283842524,12073380000.0,2296389.0
XEL,0.11555837842712842,0.21630030802530803,-0.0015266942613907442,34810980000.0,2713111.0
XOM,0.27102743055555556,0.5025718253968254,0.0007474012553290473,420980930000.0,13395485.0
XRAY,0.061402823327065745,0.3252352201670384,0.0010607427798771398,7916740000.0,1833849.0
XYL,0.06616114718614718,0.15568299062049062,0.014717870757649548,17528320000.0,1498144.0
YUM,0.16312594378124678,0.42396159830629526,-0.0003889774451244461,35764280000.0,1193835.0
ZBH,0.13627306839041534,0.26569749977913243,-0.011028015312553947,26249090000.0,880470.0
